first_name,last_name,ssn,dob
Michael,Jefferson,333-84-2563,1916-11-30
Brendan,Johnson,705-47-0503,2018-02-24
Kayla,Rivera,746-33-5044,1963-01-12
Martin,Ball,321-89-3244,2007-06-05
Tammy,Smith,796-64-5036,1996-01-14
Tyrone,Walton,129-67-1306,1926-02-09
Matthew,Herring,389-72-4033,1925-10-21
Terri,Cox,724-14-8119,1943-02-20
Kenneth,Mooney,641-80-1649,1978-07-17
Rebecca,Brewer,737-85-8307,1935-02-04
Matthew,Perry,487-80-6708,1908-03-22
Melissa,Jones,471-52-2633,1951-08-27
David,Johnson,745-17-2220,1924-03-08
William,Moore,857-14-4248,1947-03-15
James,Johnson,217-91-7742,1953-06-08
Brian,French,266-10-8521,1969-06-03
Jared,Freeman,292-17-4557,1933-07-04
Kevin,Hensley,185-18-9936,1927-09-02
John,Cabrera,568-51-2065,1966-06-10
Antonio,Thomas,005-56-6421,1989-08-20
Paul,Lee,104-27-2363,2021-02-07
James,Wright,344-33-9679,1967-08-13
Ashley,Harrell,518-47-0983,1980-07-04
Mary,Gallagher,586-80-1654,1919-04-07
Keith,Campbell,422-68-3663,1918-09-26
Robert,Lynn,725-23-0861,1947-07-08
Alexander,Hayden,163-10-5722,1952-09-27
Cynthia,Houston,146-24-7010,1911-02-24
Lisa,Shea,267-32-6219,1946-02-11
Andrew,Cabrera,281-31-6170,1932-04-26
Elizabeth,White,875-50-2133,1986-04-22
Ashley,Herrera,648-39-3039,2001-10-13
Matthew,Bryant,080-40-6607,1953-07-21
Carl,Ford,655-14-6783,1960-11-30
George,Cobb,850-56-5477,1957-03-15
Phillip,Henry,414-96-9407,1972-10-05
Samantha,Martinez,017-93-4852,1928-07-10
Spencer,May,177-84-2877,2003-07-23
Chelsea,Lane,712-90-4051,2018-08-06
Caleb,Santos,762-61-0160,2002-07-09
Charles,Luna,770-60-0178,1971-10-09
Rebecca,Griffith,523-28-2321,1916-08-05
Lisa,Pittman,276-25-3138,1926-03-04
Justin,Knox,299-37-6482,1971-12-09
Jeremiah,Griffin,214-04-7907,2016-03-03
Ricardo,Peters,501-25-9731,1974-08-30
Javier,Anderson,138-69-0271,2012-08-03
Michael,Taylor,820-57-4476,2009-03-18
James,Jones,141-02-1798,1946-08-09
Jacob,Sanchez,778-99-1888,1920-05-23
Brittney,Fleming,458-85-0802,2012-02-09
David,Garcia,668-93-9110,2005-06-01
Caitlin,Christensen,192-26-5736,1990-03-14
Lisa,Harvey,671-43-8259,1943-02-07
Walter,Kennedy,156-83-1777,1945-11-09
Jose,Miller,218-18-1444,1990-11-24
Adam,Benson,549-60-5855,1969-06-17
Brittany,Myers,367-26-6290,1917-09-23
Michael,Alvarado,397-90-6893,1917-12-12
Rebekah,Duncan,059-07-2043,1937-02-15
Scott,Jones,004-89-9783,1940-06-10
Jessica,Williams,391-31-9852,1931-01-16
Sarah,Hines,098-80-5641,1957-05-11
Tyler,Martin,520-69-2989,2013-03-08
Kevin,Simon,700-10-7774,2010-10-14
Joe,Johnson,433-77-5794,2004-01-08
April,Gonzales,821-34-3038,2000-03-07
Patricia,Mathis,810-02-5260,1943-06-25
Christopher,Ellison,643-58-5047,1969-09-20
Ryan,Thompson,325-92-9439,1983-09-24
Stuart,Chambers,655-37-9699,1975-01-16
Mark,Barrett,114-31-6154,1918-04-03
Craig,Chavez,244-50-3277,1940-07-23
Cheryl,Santos,768-91-0201,2019-11-13
Jon,Hughes,345-12-6991,2015-12-16
Philip,Hall,169-09-6455,1957-02-07
Eric,Johnson,156-14-9131,1935-10-09
Charles,Yoder,060-43-8796,1929-07-25
Timothy,Wolfe,297-79-6989,1968-09-04
Gregory,Collier,862-20-2821,2002-02-12
Jessica,Morgan,219-40-9006,1977-12-10
Jason,Sullivan,523-09-6417,1968-03-13
Kevin,Jackson,854-21-6267,1995-08-03
Ashley,Wood,043-84-9767,1940-12-16
Eric,Lewis,612-91-8242,1923-02-21
Rachel,Chen,770-94-2403,1967-08-26
Andres,Adams,613-49-5335,2013-12-29
Christopher,Pham,719-32-7745,1926-04-21
Kiara,Johnson,476-20-8527,1999-02-24
Gregory,Perkins,843-62-7288,2011-04-11
Richard,Miller,836-33-6654,1996-12-19
Richard,Cox,026-29-4680,1951-10-05
Danielle,Thomas,882-60-7704,1956-08-11
Joseph,Lawson,228-98-8508,2017-03-07
Grant,Robertson,755-20-6438,1963-12-11
Deborah,Dean,295-45-3474,1924-04-16
Brad,Nolan,428-39-5698,1993-11-21
William,Gill,266-63-3814,1986-08-06
James,Flowers,654-18-2492,1954-07-04
Mark,Newton,147-99-4620,1932-09-13
Logan,Munoz,263-15-8197,1996-05-26
Jonathan,Schneider,425-15-2995,1943-10-08
Stephanie,Flores,320-49-0288,1955-03-10
Amanda,Cline,759-45-0334,1953-01-15
Christopher,Jacobs,338-83-0419,1914-07-23
Terri,Luna,150-84-9659,1990-03-27
Isaiah,Harris,074-58-7460,2016-04-20
Sylvia,Wright,100-63-3587,1992-05-19
Danielle,Perez,722-26-1352,1980-01-15
Wendy,Velez,109-24-5581,1931-08-06
Jeffrey,Lyons,114-79-0281,1943-05-21
Lauren,Anderson,219-59-8283,2016-03-13
Julie,Alexander,723-50-7577,1986-01-30
Benjamin,Mcintyre,483-61-3549,1957-05-16
Jessica,Farmer,440-69-1118,2021-04-20
Kellie,Murphy,893-33-8957,1927-10-23
George,Garcia,470-07-0940,1990-01-04
Tanya,Harper,586-82-1249,2016-12-26
Franklin,Hernandez,661-74-2199,2006-12-09
Brian,Griffin,588-35-4460,1988-11-26
Jonathan,Thompson,705-84-5749,1910-07-10
Frank,Lawrence,136-71-6578,1933-03-17
James,Johnson,618-96-5263,2010-02-25
Arthur,Krueger,514-49-9177,1996-11-02
Tanya,Wilcox,220-33-3937,1968-05-30
Miranda,Johns,321-08-1752,2007-09-05
Lauren,Kelly,404-06-1895,1984-03-21
Adam,Morgan,084-15-7363,1975-01-02
Renee,Keller,402-34-9268,1958-01-31
Crystal,Barnes,578-28-8086,1973-05-02
Wesley,White,694-08-6936,1978-06-19
Paul,Matthews,229-01-9415,2024-01-24
Jason,Mckinney,887-44-2720,1926-08-01
Jeffrey,Gates,211-31-6144,1955-03-17
Joshua,Ayers,065-53-9699,2012-01-02
Kayla,Kennedy,631-19-5068,1926-11-09
Shannon,Powell,521-74-2866,1932-09-27
Stephanie,Zhang,250-20-3467,1960-04-06
Rebecca,Morrison,733-37-8808,1960-10-30
Laura,Alexander,278-65-8284,1989-01-03
Tamara,Walsh,843-59-1491,1956-02-02
Sandra,Alvarez,579-80-9355,1948-09-29
Melinda,Conway,258-12-3863,2015-05-19
Kelly,White,528-29-7854,1931-12-02
Meghan,Mckee,111-61-9262,2023-12-20
Amanda,Gordon,630-48-6382,2014-03-11
Brandon,Adkins,655-33-9755,1933-10-25
Kristin,Barnes,454-33-6336,1941-07-30
Barbara,Jones,152-39-7775,1909-07-12
Dustin,Hernandez,217-35-7282,2022-12-15
Johnny,Hart,875-83-6947,1954-04-08
Benjamin,Griffin,758-23-5808,1948-01-26
Karen,James,427-17-7965,2012-06-17
Jennifer,Walker,619-72-7056,1968-07-20
James,Parker,552-51-4758,1953-11-19
Susan,Johnson,531-21-8657,1935-02-19
Joseph,Franklin,697-90-8998,2004-09-13
Shelly,Aguilar,107-75-9070,2020-02-10
Nicole,Lewis,881-55-7088,1988-03-17
Christine,Brown,490-55-6334,1949-04-12
Kimberly,Medina,530-81-6962,1943-03-10
James,Dawson,130-92-5527,1977-08-31
Nancy,Stone,323-19-9591,1942-08-09
Heather,Smith,505-52-2632,1950-08-06
Mary,Olsen,594-83-7575,1941-01-21
Jamie,Allen,056-88-2546,1930-09-17
Alexis,Valenzuela,738-47-5374,2020-06-27
Dakota,Brown,286-60-9502,1929-05-04
Thomas,Fischer,443-33-8892,1935-06-24
Adam,Diaz,290-67-7809,1927-06-19
Luis,Pace,783-68-4331,1940-08-15
Keith,Nguyen,347-48-4438,1982-07-03
Albert,Jackson,308-32-9843,1962-08-28
Deborah,Roberts,505-36-5221,1942-12-01
Tracy,Franco,368-01-1563,1980-12-11
Sarah,Terry,858-13-7273,1941-12-26
John,Wilcox,785-50-7552,1995-10-09
Susan,Gray,347-43-6858,2013-10-16
Robert,Jackson,660-85-3199,1924-12-12
Brandon,Thompson,777-81-5597,2011-06-07
Kenneth,Rich,592-01-1719,1934-10-03
Devon,Sanchez,229-95-5466,2000-12-28
Kristi,Scott,219-17-4285,1964-06-18
Kevin,Jones,724-43-1218,1991-11-20
Thomas,Acosta,533-75-9342,2013-11-22
Lori,Ibarra,463-30-0797,1961-01-22
Susan,Patterson,769-41-9247,1961-06-23
Stephen,Wilcox,813-70-4289,2009-07-05
Tommy,Maddox,660-13-5433,1920-12-26
Cory,Wilson,014-27-2715,1940-09-02
Julie,Moore,634-88-8619,1995-02-16
John,Burgess,228-54-9455,1979-03-08
Alexis,Palmer,108-90-0046,2003-07-09
Michael,Spencer,338-67-2868,1963-05-01
Kimberly,Sellers,042-38-7064,1985-08-20
Kenneth,Chavez,711-50-3109,1923-04-30
Matthew,House,304-99-3527,1939-07-06
John,Allen,798-57-1805,1937-02-10
Jasmine,Sexton,314-06-9829,1925-10-11
Kelly,Kane,727-82-1486,1977-08-07
Brian,Gomez,518-28-5747,1989-02-19
Trevor,Patton,645-97-5291,1976-06-22
Veronica,Rogers,501-80-5593,2013-11-21
Phillip,Schwartz,222-56-9740,1952-06-13
Lisa,Chambers,867-31-5079,1999-08-07
Darrell,Bernard,891-36-6162,2013-09-23
Ian,Willis,317-61-4322,1947-03-24
Whitney,Oconnell,781-05-2955,1930-02-21
Isaac,Arnold,837-48-6905,1986-08-24
Angela,Watkins,378-93-6372,1952-04-19
James,Gonzales,495-16-3673,1942-10-14
John,Mcgee,349-24-0716,1936-07-28
Samuel,Brown,133-42-9515,1995-05-07
Belinda,Smith,167-53-2582,1986-10-24
Martin,Thomas,425-67-8878,2012-11-05
Kathy,Gray,828-28-9338,1969-12-14
Samuel,Cabrera,265-18-5475,1933-02-27
Joel,Lane,642-72-6143,1968-02-16
Ashley,Miller,888-15-5628,1974-10-02
Matthew,Evans,659-25-6794,1981-08-17
Henry,Glover,539-16-3308,1910-03-20
Suzanne,Davis,121-20-4825,1944-09-16
Cody,Brown,161-54-2782,2007-01-21
Rose,Durham,496-64-5508,2000-06-04
James,Myers,763-91-0575,1992-10-09
Mary,Wade,583-49-8782,1998-09-13
Bryce,Velasquez,636-05-7942,1967-07-27
Arthur,Webb,844-83-1581,1920-03-24
Michael,Graham,408-80-7311,1945-10-26
Kenneth,Garcia,681-81-5720,1983-01-15
Tracey,Lyons,829-98-1808,1974-07-16
Jennifer,Salazar,393-93-4406,1948-07-25
Vanessa,White,167-87-5108,1998-10-11
Gregory,Anderson,756-84-3609,1967-10-30
Juan,Hansen,657-60-7898,1987-06-28
Julie,Mcgee,112-68-1704,2015-10-19
Dawn,Johnson,768-05-2636,1993-08-01
Ronald,Perez,881-37-8946,1924-01-05
Kevin,Erickson,463-29-4750,2016-05-27
Ryan,Moore,458-02-6884,1946-03-21
Herbert,Roberts,003-48-8528,1999-05-20
David,Martinez,152-58-1421,1915-02-28
Susan,Bailey,718-34-0139,1974-08-05
Tammy,Ryan,861-27-8529,2020-07-01
Tara,Jones,036-34-3486,1908-07-03
Tonya,Lewis,431-17-0838,1984-09-29
Cory,Cole,079-52-1622,1930-10-19
Danielle,Boyd,767-89-1156,1909-01-14
Lori,Miller,289-89-8707,1993-02-09
Jacqueline,Bauer,773-15-7986,1991-09-03
Natasha,Martinez,085-03-6348,2006-01-31
Darlene,Sanders,329-15-9918,1953-06-23
Brenda,Pena,587-89-5845,1966-09-09
Jesse,Ward,379-63-8342,1930-05-25
Kayla,Fox,791-02-1429,2017-02-09
Bailey,Webb,884-32-7089,1962-08-17
Steve,Zimmerman,856-80-5868,1972-03-01
Angela,Holland,427-42-7401,1943-09-15
Nicholas,Watts,396-16-7185,2014-10-31
Lisa,Peters,587-21-1301,1941-12-24
Diane,Murphy,495-81-5097,1962-04-09
Mary,Noble,515-04-8519,1934-02-12
Dustin,Moreno,585-36-0899,1918-02-15
Nancy,Owens,802-40-6826,2004-01-24
Kristine,Davis,180-31-4922,1947-03-01
Clayton,Delacruz,276-37-0286,1936-02-27
Courtney,Davis,268-68-6183,2003-03-06
Anthony,Guzman,817-07-2758,1959-05-14
Brenda,Powell,743-25-4740,2018-06-04
David,Cohen,732-24-2590,1931-09-22
Cheryl,Lambert,086-64-5623,1983-04-18
Julie,Jacobs,151-22-0372,1983-06-10
Lindsay,Espinoza,362-41-1017,1979-08-09
Nicholas,Lopez,635-49-8695,2015-10-14
Dana,Larsen,131-07-3173,1979-12-24
Jennifer,Lewis,439-20-1418,1989-03-19
William,Garrett,522-38-2997,1948-07-06
Amanda,Mccormick,758-05-1763,1944-11-15
Janet,Bush,053-94-7254,1947-12-19
David,Romero,358-59-7368,1955-05-17
Jeremy,Henderson,368-27-9060,1977-04-20
Justin,Webb,890-16-1498,1968-01-23
Denise,Vega,495-69-6358,1971-01-10
Patrick,Chavez,405-76-0930,2020-05-02
Willie,Mcpherson,255-43-4491,1958-03-20
Mary,Palmer,197-21-2039,1993-08-01
Brandon,Perkins,485-79-2228,1975-03-17
Lindsay,Nguyen,841-44-4686,1930-07-28
Cassandra,Hoover,552-79-7588,1935-07-11
Corey,York,587-85-1918,2009-12-16
Kyle,Dudley,632-93-9721,1933-02-03
Ryan,Solis,532-67-1867,2019-02-25
Michael,Oliver,194-16-4398,1931-07-14
Eric,Phillips,710-99-6173,1974-07-13
John,Lawrence,098-09-8110,1926-10-31
Michelle,Smith,811-17-1896,1963-05-30
Scott,Rios,406-35-9866,1925-04-27
Robin,Powers,607-50-1936,1983-12-15
Christopher,Gonzales,223-82-3012,1964-06-17
Patricia,Allen,493-50-7953,1955-10-29
William,Rowe,464-87-6881,1938-12-14
Renee,Jones,793-79-7512,1941-05-03
Michael,Davidson,613-09-6022,1990-07-22
Kristi,Rodgers,369-28-5812,1958-04-09
Kimberly,Hall,307-25-3236,1913-01-20
Megan,Parker,589-58-4025,1940-01-25
Matthew,Fitzpatrick,283-74-6811,1948-12-07
Edward,Brady,561-43-3505,1946-07-23
Carolyn,Clayton,173-66-9136,1975-07-28
Michael,Brown,736-48-7385,1947-10-23
Jason,Graves,471-46-0847,1918-11-27
Patricia,Shelton,197-71-1707,1941-05-13
Victor,James,401-86-8801,1967-12-07
Kelsey,Griffin,712-92-8642,1923-12-17
Mary,Jennings,027-80-2711,1929-05-09
Crystal,Rodriguez,227-88-6858,1932-10-23
Susan,Hines,518-92-0652,1922-04-27
Greg,Thompson,142-38-1798,1980-10-06
William,Espinoza,551-42-2817,1927-02-18
Curtis,Marshall,485-51-1294,1960-07-19
Michael,Martinez,341-11-2244,2022-08-08
Tracy,Parks,163-91-8934,1981-01-12
Timothy,Floyd,254-55-5531,1946-03-26
Robert,Church,246-70-3664,1966-06-08
Brian,Friedman,441-59-4806,1947-05-09
Krista,Santiago,734-12-6891,1963-01-23
Nicole,Perez,233-18-4462,1941-12-02
Eric,Dodson,571-29-9751,1917-05-01
Sara,Chapman,335-24-8610,1923-07-19
Jerry,Anderson,326-01-1973,1974-12-30
Kimberly,Smith,468-23-6366,1968-08-01
Lisa,Barnes,474-02-5482,1967-09-18
Kirsten,Fox,212-55-0598,1980-06-24
Maria,Yang,076-78-5743,1923-09-01
Nicholas,Robinson,511-83-4221,2019-09-02
Nicholas,Fernandez,241-52-6408,1946-12-06
Katherine,Smith,566-39-1030,2018-12-31
Donna,Rosales,333-80-6416,2009-06-24
Justin,Butler,653-28-8564,2004-08-29
Kelsey,Phillips,885-61-7454,1929-01-10
Erica,Reeves,897-72-2920,1978-06-10
Caleb,Bradley,326-59-9413,2004-05-18
Miguel,Reynolds,545-88-2981,2003-09-16
Kevin,Rogers,160-92-3919,1988-08-20
Tina,Adams,434-20-7120,1944-03-29
Rebecca,Williams,458-14-3915,1989-02-01
Nichole,Morgan,032-31-8115,1990-05-20
Sarah,Rodriguez,721-56-5093,2011-10-28
Mary,Smith,315-82-1082,1926-05-24
Kelly,Raymond,530-64-3590,2009-11-24
Lisa,Ortega,099-22-3119,1978-11-14
Christina,Ayala,201-95-0973,1916-07-12
Brenda,Williams,798-55-9827,1947-05-09
Mark,Gonzalez,211-86-4536,1940-02-09
Gary,Wright,440-76-3296,1957-10-25
Thomas,Zuniga,432-47-0842,1968-09-18
Andrea,Cole,093-23-6217,2014-09-30
Jeremy,Davis,200-30-5914,1998-08-18
Mary,Guzman,809-81-1093,1945-11-17
Thomas,Cruz,356-82-2805,1957-03-26
Evelyn,Macias,671-59-7170,2021-05-17
Christopher,Hansen,826-55-0900,1949-08-06
Raymond,Huang,186-75-9759,1947-11-11
April,Turner,039-71-7560,1972-10-04
Katie,Gonzales,152-76-8361,1921-02-15
Lauren,Tucker,510-14-8262,1920-02-14
Jack,Gaines,022-08-9867,1983-03-13
Alexander,Salinas,453-08-2032,1912-03-19
Tina,Woodward,631-72-3521,1918-03-19
Gavin,Potter,063-61-7612,1979-10-03
Gerald,Kim,350-40-9411,1942-07-15
Thomas,Lewis,828-06-7043,1946-03-04
Nathan,Anderson,244-06-9323,1994-10-23
Isabel,Fernandez,712-09-5112,1965-03-26
Kathryn,Diaz,469-97-6245,1991-12-25
Karl,Campbell,532-79-2855,1955-11-22
Heidi,Long,197-19-0149,1941-11-09
Brooke,Conley,570-50-3960,2003-06-27
Richard,Russell,834-41-3643,2020-07-16
Rebecca,Wright,152-40-5735,2006-08-09
Ashley,Sullivan,276-09-2396,1938-03-08
Angela,Cooper,028-70-1758,2021-01-02
Carla,Strickland,661-15-2548,1958-05-16
Melinda,Cox,318-97-3760,1952-10-11
Joanna,Benton,037-14-5407,1954-06-25
Jennifer,Baldwin,155-19-2060,1932-12-21
David,Ford,828-39-7027,1926-10-08
Mark,Davis,431-26-8169,2006-01-19
Charles,Johnson,378-19-1211,1912-09-29
Sue,Newman,181-13-9561,2008-01-25
Richard,Arellano,527-89-2563,1939-01-28
Jasmine,Vaughn,301-61-8239,1988-11-15
Greg,Stanley,582-68-1029,1984-11-03
Donald,Mcintosh,874-20-2011,2019-06-08
Teresa,Smith,294-10-0947,1941-07-16
Albert,Cook,333-81-8404,1969-03-15
Nicholas,Ferrell,655-23-7658,1996-07-03
Patricia,Davis,242-24-3618,1945-04-28
Ruth,Rivera,219-06-7385,2017-11-05
Heather,Campbell,388-39-7482,1925-12-26
Tyler,Cox,087-87-7873,1991-01-29
Holly,Nunez,230-21-4739,1967-09-10
Olivia,Morrison,613-23-6297,1938-03-07
Jacqueline,Davis,653-19-7810,1922-11-20
Robert,Warren,350-83-2684,1953-03-10
Meagan,Sheppard,498-71-5167,1994-10-10
Maria,Garza,314-89-0521,2000-01-05
Daniel,Fisher,809-71-6921,2013-11-15
Thomas,Matthews,390-41-5451,1995-06-12
Raymond,Nelson,184-41-4292,1988-09-25
Edwin,Miller,095-72-0899,1994-03-22
Joseph,Contreras,495-47-0495,1925-06-28
Tyler,Avila,680-62-7804,1946-03-09
Angela,Green,432-18-6589,1982-07-16
Christian,Smith,784-03-2660,1924-05-09
Craig,Cooper,496-40-8753,1942-09-14
Traci,Lynch,225-12-4141,2005-01-28
Marie,Bates,272-99-5023,1982-08-10
Anita,Chandler,897-18-2353,2019-04-10
Deborah,Morales,324-72-9876,1967-12-17
Robert,Chan,118-35-4398,1986-10-25
Rachael,Mclaughlin,174-15-3706,1966-02-24
Antonio,Bowen,486-80-3888,2004-10-07
Stephanie,Sanchez,255-46-0528,1940-11-12
Eric,Miller,768-36-7723,1969-12-11
Michael,Lee,093-49-1804,1975-01-07
Roger,Perez,041-01-4330,1980-10-11
Sydney,Brown,527-53-8883,1950-06-16
Donna,Rollins,360-40-1459,1986-08-18
Stephanie,Mosley,536-96-5333,1909-11-30
Maria,Lopez,885-22-0721,1996-01-18
Nancy,Rogers,811-03-9680,1983-06-16
Teresa,Patterson,050-07-3622,2002-08-12
Laura,Harris,884-41-5121,1944-11-28
Vernon,Hughes,627-06-6095,1912-12-28
Gabriel,Wilson,765-18-3821,1920-02-04
Terri,Fisher,134-34-3531,1926-07-02
Bonnie,Schwartz,331-26-0549,1911-10-15
April,Torres,633-76-9602,1960-03-04
Dylan,Brown,706-03-1389,1986-12-16
Jason,Aguirre,529-73-6552,2018-06-21
Kyle,Cooper,670-45-1771,1945-05-18
Suzanne,Franco,879-74-9379,2023-04-19
Diana,Hall,767-08-9442,1958-11-19
Jessica,Santana,676-58-4117,1938-06-16
Nicholas,Klein,569-98-1037,1957-02-27
Paul,Rios,509-04-5064,1944-01-23
Courtney,Roberts,640-20-9165,1923-06-08
Rachel,Johnson,605-55-4623,2000-09-24
Mason,Butler,622-10-3905,1944-07-28
Allison,Mitchell,765-86-6681,2020-01-06
Jenny,Conway,123-55-4983,1948-04-06
Caroline,Andrews,795-85-7431,1945-01-08
Kara,Duncan,631-15-9780,1954-07-01
Michelle,Strickland,231-24-0685,1961-11-12
Joan,Hall,314-30-8814,1909-12-27
Henry,Park,771-68-3200,1953-02-13
Garrett,Howard,006-86-8448,1961-03-31
Kaitlyn,Walters,307-14-9301,2007-12-31
Benjamin,Frost,816-79-8252,2008-07-20
Michael,Garrett,518-49-0818,2003-01-13
James,Moore,615-23-1663,1932-04-19
Robert,Fields,181-76-5962,1965-08-15
Dawn,Moore,143-44-8624,1915-11-26
Kristina,Hamilton,512-26-7690,1971-02-14
Joe,Romero,329-16-5703,1964-02-17
Matthew,Williams,172-17-3787,2014-09-06
Andrea,Snyder,611-78-4465,1983-07-16
James,Casey,310-75-8072,2013-08-16
Anthony,David,761-59-2089,1925-01-23
David,Pittman,877-08-9163,2013-03-06
Evan,Andersen,837-03-9391,2013-04-17
Deborah,Garcia,728-17-8198,1941-08-06
Stephen,Hughes,854-93-9178,1935-12-01
Ann,Daugherty,426-84-0128,1951-07-02
Francisco,Todd,809-97-3316,1990-11-07
Pamela,Davis,482-78-2663,1996-10-12
Thomas,Hill,678-82-4908,2013-03-16
Sandra,Bradley,351-06-3733,1909-05-02
Mark,Howell,055-40-0189,1946-08-20
Justin,Johnson,181-37-2543,1995-06-01
Mike,Lowery,773-16-9970,1981-10-21
Kevin,Pace,474-74-0931,1909-03-21
Victoria,Long,711-80-9553,1909-11-04
Alison,Aguilar,399-29-0125,1977-02-12
Anthony,White,228-95-7245,2015-05-18
Alyssa,Neal,396-96-4359,1973-02-19
Michael,Jones,060-90-9498,1914-05-08
Debra,White,091-03-2328,1934-09-12
Jerome,Moody,637-54-3448,2008-04-25
Rachel,Mack,181-87-5559,1983-05-05
Samantha,Summers,479-50-2187,1986-08-28
Shelley,Thompson,277-26-0518,1999-09-27
Angela,Evans,209-64-3044,1983-09-08
Ryan,Moreno,641-46-1312,2016-10-27
Stephanie,Edwards,392-71-8549,1973-01-07
Megan,Johnson,357-73-8429,2002-05-16
Meghan,Russell,153-25-1759,1984-08-29
Courtney,Bennett,874-40-9415,1954-06-23
April,Hayes,238-82-7036,1992-11-09
Patrick,Perkins,717-77-7747,2023-05-20
Jodi,Walker,885-91-3262,1958-10-07
Susan,Gordon,776-20-0874,2003-09-22
April,Haynes,865-50-0624,1987-07-29
Crystal,Hall,580-20-8896,1947-01-26
Patricia,Hill,705-20-3964,1974-09-19
Gina,Perkins,202-97-4338,2001-01-17
Stephen,Hughes,525-01-6600,1981-04-19
Sherry,Hoover,116-18-1720,1992-03-09
Jason,Cochran,220-26-0369,1983-01-11
Joseph,Carson,723-93-4892,1961-10-03
William,Flowers,652-29-4075,1932-11-19
Donald,Payne,615-74-0295,2007-12-04
Joanna,Middleton,535-36-8958,2009-03-29
Mark,Bradley,070-51-5584,2019-10-18
David,Hall,313-51-8465,1936-01-09
Ryan,Woods,809-40-5043,1945-07-16
Sharon,Nguyen,848-29-3152,1968-06-15
Nicole,Martin,381-52-9576,1983-10-24
Paul,Thomas,005-56-8308,1976-03-12
Ethan,Martinez,682-67-8346,1968-10-16
Gerald,Taylor,745-54-6504,1943-04-29
William,Johnson,447-17-6014,1960-01-27
Vincent,Mathews,587-95-9772,2019-11-15
Tyrone,Gonzalez,460-48-5861,2006-04-22
Patricia,Lopez,284-84-8263,1928-03-07
Kevin,Best,218-56-5901,2010-10-26
Alison,Garcia,624-30-8096,1961-06-16
Tyler,Smith,881-14-5902,1962-08-04
Kelly,Payne,598-58-2655,2001-10-18
Anthony,Hughes,131-75-8599,1981-11-29
Michael,Hawkins,888-54-0466,1951-10-06
Barbara,Wilson,173-02-6612,2015-11-24
Amanda,Gonzalez,278-68-7862,1981-05-13
Jamie,Nelson,784-15-1994,1984-07-22
Timothy,Campos,783-98-8412,1957-08-18
Sandra,Donaldson,754-21-6328,2003-08-18
Jennifer,Hanson,196-59-7215,1925-09-05
Thomas,Smith,888-76-2223,1997-07-16
Robin,Gonzalez,689-90-1570,2000-04-30
Frederick,Archer,754-34-0765,1922-10-31
Michael,Larsen,605-28-5500,1967-05-15
Thomas,Stevenson,132-78-2447,2020-12-13
Debbie,Marshall,008-32-7108,1940-06-21
Jessica,Mendoza,154-12-7050,1982-01-13
Sarah,Cross,459-78-2117,2014-09-22
Matthew,Herrera,479-26-4854,1947-05-09
Jennifer,Simmons,643-67-9552,1942-11-01
Mike,Ball,869-10-3104,1946-03-12
Richard,Long,042-81-5673,2022-12-16
David,Berger,644-51-5981,1935-10-08
Sean,Morgan,182-65-6288,2001-07-01
Cynthia,Burke,655-45-8397,1961-04-26
Jack,Phillips,481-40-1841,2012-05-15
Arthur,Lewis,457-92-1740,1910-04-08
Andrew,Allen,336-13-3317,2000-03-25
James,Gutierrez,579-38-1764,1960-01-23
Cody,Reynolds,506-46-9844,1993-09-26
Nathan,White,149-70-0591,2009-07-06
Juan,Bishop,798-80-5112,1935-01-04
Dean,Stewart,161-85-4796,1949-12-15
Douglas,Nelson,045-41-3175,1979-07-15
Paul,Thompson,163-08-6420,1958-06-10
Travis,Davis,435-26-9397,1914-02-16
Raymond,Jones,405-96-6978,1922-11-17
Travis,Garcia,357-92-1984,2015-11-14
Brooke,York,125-82-1877,1966-11-02
Carol,Smith,717-90-0249,2001-03-26
Jesus,Burnett,060-42-7543,1997-06-06
Caitlyn,Mendoza,066-58-7721,1955-09-18
Matthew,Ellison,196-33-9476,1916-11-06
Melissa,Camacho,444-78-8475,1958-11-27
Ronald,Smith,524-74-3882,1910-10-14
Virginia,Harvey,286-85-0323,1972-06-26
Michelle,Sawyer,344-58-5174,1923-02-02
Kevin,Sanchez,788-99-2485,1965-10-31
Mindy,Strickland,812-23-1545,1986-03-21
Jesse,Thompson,761-47-1418,1969-09-08
Rita,Waters,795-62-8762,1915-03-21
Megan,Miranda,269-06-6393,1988-04-15
Aaron,Martin,660-89-8522,1922-09-27
Richard,Hughes,003-46-3561,1946-09-15
Valerie,Moore,885-97-3068,1940-06-19
Micheal,Washington,148-14-1342,1956-08-13
Angela,Beck,003-38-3350,1978-04-14
Kevin,Williams,110-09-6115,1999-08-21
Kevin,Bell,384-77-2192,1980-06-15
Jeremy,Martin,855-79-1795,2016-03-10
Joseph,Parker,596-34-7925,2005-11-14
Kathryn,Bowman,583-67-7680,1922-02-15
Denise,Clay,134-81-5128,1938-09-09
Yvette,Acosta,683-22-2080,2016-08-30
Alexander,Blackwell,585-96-2098,1960-01-26
Mark,Bass,043-74-1346,1938-10-11
Paula,Roberts,196-73-3784,1989-12-11
Michelle,Sullivan,515-18-2721,1942-01-27
Scott,Powers,300-11-2995,1954-12-03
Rebecca,Blankenship,590-04-5056,1954-05-11
Hayden,Vance,447-54-3228,1917-12-10
Christopher,Fleming,368-09-4195,1954-04-24
Michelle,Gonzalez,238-40-5298,1910-03-21
Linda,Garcia,795-57-9410,1949-05-21
Christy,Scott,086-57-3448,1963-04-20
Andre,Williams,769-95-4112,1990-06-19
Natalie,Dougherty,723-69-2678,1909-06-11
Timothy,Black,046-51-6142,1982-12-22
Linda,Campos,439-79-6861,2017-04-26
Benjamin,Robbins,492-35-8572,1946-01-05
Sierra,Collins,040-50-2664,1962-04-23
Seth,Hubbard,753-21-8328,1948-02-29
Ashley,Torres,449-73-8299,1999-04-25
John,Bond,651-32-2805,1927-10-07
Marcus,Rowe,189-34-8103,1989-05-28
Monica,Chavez,492-14-6950,1936-12-13
Jonathan,Herrera,818-50-4336,1945-06-23
Rachel,Raymond,700-30-5829,1955-09-23
Lindsay,Graham,108-79-8897,1966-03-18
Ashley,Anderson,329-05-6765,2002-06-12
Christopher,White,728-39-3375,2007-08-10
Brittany,Kidd,773-74-0543,1932-08-16
Gary,Johnson,549-54-3668,2017-02-17
Laura,Smith,406-75-0194,1969-08-14
Sandra,Chen,887-05-8601,1966-11-28
Charles,Williams,166-30-3479,1909-11-22
Cindy,Palmer,852-36-5288,1949-08-03
Michael,Rodgers,493-94-8913,2020-09-20
Amanda,Davis,105-93-9010,1934-10-03
Andrew,Adkins,512-56-0033,1991-02-12
Randy,Mcbride,188-35-5394,1972-09-02
Tanya,Oconnell,685-12-8502,1954-07-07
Eric,Shaw,627-07-3992,2017-12-04
Ryan,Hill,393-20-5218,1910-09-14
William,Wright,530-11-2393,1963-10-06
Charles,Smith,800-99-5767,1973-10-26
Jonathan,Parker,613-25-4503,1965-07-22
Robert,West,137-28-8467,2019-11-11
Colleen,Gonzalez,686-08-5543,1956-11-16
Shelia,Barrera,849-02-5334,1951-09-07
Mary,Wilson,233-11-2087,1924-07-13
Daniel,Peterson,576-04-3850,1916-11-19
Sara,Haley,209-99-3263,1982-01-24
Edgar,Harris,693-09-8782,1995-06-03
Carol,Mitchell,708-68-2772,2012-01-09
Joseph,Frank,061-04-8551,1921-05-13
Matthew,Mccarthy,644-79-0022,1939-06-07
Christine,Moreno,665-70-9483,2001-10-20
Michael,Taylor,575-39-9388,1999-08-29
Brandi,Watson,769-96-9198,2014-08-21
Kathryn,Hill,838-78-1004,1990-04-06
Christopher,Sanchez,561-19-0252,1916-01-22
Jennifer,Edwards,312-16-1494,1987-01-27
Crystal,Williams,021-35-4204,1953-05-14
Lisa,Elliott,143-27-6926,1985-03-15
Charles,Taylor,094-32-0317,1941-01-12
Kelsey,Campbell,133-95-7385,1925-10-16
Kari,Hammond,108-28-7845,2000-04-23
Nathaniel,King,561-44-9108,1991-08-17
Megan,Kent,541-99-0437,1926-09-20
Stephanie,Sanders,318-86-9020,1958-03-18
Samantha,Nelson,330-55-0052,2012-07-13
Sandra,Gibson,033-77-6035,1999-12-04
Gregory,Perry,048-73-8492,2022-07-08
Jack,Jackson,300-34-7377,1982-05-17
Vincent,Avery,854-60-8111,2013-01-06
Michael,Tyler,765-41-5644,1938-02-09
Stephanie,Sutton,508-43-0220,2002-12-23
John,Butler,397-02-7224,1954-03-16
John,Mcdonald,255-72-0908,1940-01-18
Robert,Obrien,181-48-9647,1979-01-28
Angelica,Taylor,292-15-3123,2019-09-21
Brian,Miller,406-21-5483,1909-12-15
John,Elliott,196-65-3733,1914-01-27
David,Martin,135-36-7605,1939-07-29
Chelsea,Hawkins,761-96-8793,1914-08-23
Chad,Reilly,308-41-2876,1995-04-06
Tommy,Juarez,296-66-6974,1943-09-23
Jacob,Adams,832-79-2250,1916-08-26
Victoria,Chandler,410-70-0448,2007-12-19
Michael,Henry,022-80-3383,1979-11-18
Gregg,Vega,064-99-2012,1960-04-02
Jessica,Vega,467-66-6315,1985-04-16
Kimberly,Brown,450-21-8694,1941-09-04
Karen,Martin,196-59-4501,1972-08-22
Michael,Dunn,378-97-3895,1919-04-16
Elizabeth,Wheeler,420-52-3978,1985-02-23
Todd,Smith,395-26-2607,2018-05-13
Hannah,Baker,611-61-7616,1995-07-09
Carrie,Yates,334-16-1779,1992-04-08
Adam,Ramirez,086-55-8151,1960-07-03
Thomas,Lawson,677-51-4239,1921-08-11
Jenny,Stevenson,496-70-3130,1976-10-18
Laura,Adams,830-20-9878,2008-10-18
Donna,Park,316-96-9897,1970-11-03
Sarah,Mcbride,460-63-3733,1996-06-06
Melissa,Hicks,760-46-1904,1976-09-25
Heather,Lynch,762-51-1644,2010-02-14
Kevin,Miller,390-99-1245,1991-04-18
Michelle,Carter,445-19-1042,1964-02-17
Scott,Cruz,088-74-5196,1981-03-06
Toni,Taylor,852-97-0018,2020-10-05
Brianna,Garcia,477-84-3073,1942-07-22
Kenneth,Jenkins,002-06-1894,1969-12-20
Mark,Scott,364-04-6432,1999-02-02
Kenneth,Collins,720-38-4528,1966-05-21
Lori,Ford,415-99-2676,1974-11-14
Brandon,Lane,772-36-2055,1970-10-24
Timothy,Holland,467-37-0738,1953-12-11
Gina,Jones,644-02-8052,1990-09-02
Jeanne,Butler,081-74-9428,2002-12-11
Kimberly,Walker,525-60-8223,1962-04-24
Andrew,Kennedy,214-12-3167,1966-06-17
Dana,Williams,741-69-9194,2019-03-27
Scott,Tucker,303-91-9104,1909-07-06
Jennifer,Werner,025-65-9772,1933-09-18
Ryan,Armstrong,336-66-7972,2011-06-30
Julie,Chung,227-91-3950,1922-10-18
Jeremiah,Hernandez,254-71-3515,1915-07-19
Tammy,Watson,702-86-5899,1931-05-14
Don,Diaz,164-52-5150,1922-02-13
Sandra,Smith,249-12-8779,1979-06-05
Carly,Harris,796-31-8817,1956-10-30
John,Boyd,439-48-8061,1999-02-16
Kimberly,Anderson,140-81-0401,1923-02-13
Marissa,Thomas,341-43-3645,1911-11-06
Linda,Blanchard,286-35-9541,2016-09-27
Lisa,Vargas,825-70-4880,1925-04-10
Christopher,Pierce,762-10-5545,1910-11-28
Jennifer,Long,292-65-1772,1981-12-17
Melissa,Palmer,665-27-1542,1951-09-02
John,Johnson,227-61-1924,1982-06-18
Crystal,Cox,686-11-1762,1982-11-27
Michael,Terry,741-08-9544,1990-01-20
Stacy,Wheeler,523-87-1588,1959-10-22
Amy,Dixon,280-50-5177,1960-07-29
Robert,Butler,098-61-0889,1989-06-29
Philip,Walters,375-40-4287,1994-11-09
Carrie,Morse,594-99-6575,2014-05-27
Jessica,Hodges,433-30-7256,1964-06-06
Jesse,Stark,127-90-6840,1967-01-18
Andrea,Thompson,858-22-7815,1915-11-22
Kevin,Khan,778-59-0493,2023-08-30
Kevin,Hicks,729-57-7817,1949-05-27
Matthew,Davis,149-56-1605,1929-08-24
Mary,Walton,366-79-4478,1953-05-11
Katherine,Weber,502-57-5402,2011-01-22
Katherine,Gomez,461-83-6565,1984-09-23
Jodi,Thomas,855-25-4871,2014-04-15
Julia,Ryan,232-19-0468,1977-03-12
Ronald,Nguyen,354-64-9743,2011-05-16
Rachel,Salinas,674-20-2717,1944-03-19
Alexander,Barnes,746-07-2321,2019-08-26
James,Mclaughlin,244-81-7725,1928-10-21
James,Lindsey,821-56-2932,1991-10-29
Douglas,Campbell,627-23-2173,1972-04-25
Dylan,Patterson,207-16-0538,1959-06-12
Joy,Moran,203-37-4268,2009-05-25
Sean,Adams,437-22-3822,1924-10-07
Ronald,Mejia,817-08-8576,1952-04-28
Bailey,Brown,225-39-6592,1952-05-29
Douglas,Hansen,774-71-7818,1982-05-14
Katelyn,Perez,359-28-0480,1942-08-08
Amy,Taylor,808-19-1093,1922-06-19
John,Thomas,585-14-6042,1987-04-09
Jessica,Powell,579-79-6497,1984-04-24
Briana,Gamble,779-49-5196,2000-10-28
Kevin,Morgan,625-97-2143,1963-09-17
Emma,Ingram,301-06-9703,2015-07-15
Christopher,Fernandez,230-58-1817,1976-05-13
Jeremy,Espinoza,011-17-5597,1976-09-12
Alexandria,Jordan,483-54-2911,1925-01-03
Monica,Golden,130-48-5002,2013-01-10
Seth,Spears,304-63-5508,1940-11-01
Jocelyn,Mccoy,496-80-2216,1985-09-10
Raymond,Knapp,345-24-2526,1997-05-04
Eric,Bell,808-20-4218,2011-09-27
Rodney,Harvey,382-73-7936,1943-03-11
Elizabeth,Moran,224-60-0596,1927-05-31
Christina,Salazar,384-62-0542,2000-10-04
Ronnie,Love,100-63-6037,1987-10-27
Abigail,Bowen,564-63-5777,1959-07-19
Rose,Davis,250-68-8715,1932-10-21
Erica,Cook,400-87-2145,2008-05-12
Aaron,Wilson,542-53-8321,1991-03-26
Hannah,Brennan,883-81-0360,1950-12-01
Rachel,Edwards,197-87-7196,2016-08-09
Jimmy,Harrell,477-11-2688,1971-10-19
Carol,Simmons,031-17-3465,1982-02-28
Julian,Brown,348-52-1177,1988-04-29
Sierra,French,794-80-4827,1983-03-26
Luis,Wood,593-80-6663,1930-12-27
Michael,Wells,599-38-7800,1917-04-14
Dean,Burns,458-91-7399,1942-12-26
Elizabeth,Patterson,639-41-9789,1938-06-10
Ashley,Ford,350-91-5037,1922-07-05
Rhonda,Collins,519-43-3983,1943-10-08
Jennifer,Peters,757-06-5035,1967-03-05
Steven,Burns,485-46-3305,1912-08-29
Renee,Mullen,679-25-9243,1920-04-21
Holly,Glover,861-39-3046,1982-09-17
Aaron,Smith,672-68-2992,1937-03-27
Richard,Ortiz,335-90-9850,1964-12-27
Kevin,Bennett,757-04-7423,1973-06-03
Antonio,Calhoun,456-09-8181,1925-01-20
Thomas,Johnson,051-46-5722,1993-11-06
Lisa,Wolf,339-36-8869,1999-08-13
James,West,744-68-6585,1953-12-23
Samantha,Stevens,701-87-8493,1936-07-15
Ryan,White,638-13-7107,2002-07-09
Robert,Gonzalez,054-78-0988,1955-05-15
Sarah,Davies,354-11-7834,1985-09-02
Daniel,Maldonado,531-95-8760,1996-12-13
Michael,Matthews,280-90-5470,1946-01-27
Meagan,Gordon,241-36-3441,1987-05-03
Lauren,Kline,625-53-8787,1943-11-03
Jeffrey,Smith,141-12-1465,1950-08-26
Ann,Robinson,070-19-6911,1959-03-24
Nicole,Garcia,229-13-6025,2021-11-09
Victoria,Lee,156-74-0325,1913-12-22
Kyle,Cox,139-31-7269,1972-05-29
Andrew,Curtis,733-42-7290,1953-04-06
Donald,Jackson,418-75-1730,1970-06-05
Shawn,Davis,536-35-9948,1917-05-05
Sean,Thomas,419-99-9782,2023-12-25
Peter,Carter,691-56-1835,1980-11-07
Patrick,Powell,732-49-3106,1955-12-26
Sara,Bell,759-16-0078,2005-06-08
Michael,Bryant,790-31-6187,2012-09-22
Raymond,Armstrong,376-45-8538,1924-08-25
James,Bailey,388-85-2472,1911-01-17
Melissa,Harris,817-66-2120,1943-09-15
Natalie,Mcintosh,518-66-0783,1994-11-19
Jorge,Harris,248-04-4407,2007-10-17
Allison,Merritt,094-77-0305,1995-11-05
Anthony,Thompson,079-43-0810,1998-11-05
Arthur,Walker,378-74-7671,1935-05-10
Rebecca,Taylor,016-22-8299,2004-04-27
Teresa,Snyder,868-93-0121,1956-07-29
Jessica,Ponce,715-97-7288,1931-02-07
Zachary,Maldonado,543-31-5200,1970-09-20
Mark,Jones,244-62-0119,1923-09-26
Miranda,Ballard,463-57-6079,1992-09-09
Nathaniel,Leach,522-76-0334,1987-03-09
Mary,Greene,245-57-2536,1924-11-28
Laurie,Adams,136-53-4336,1931-09-19
William,Parker,704-33-8450,1920-09-27
Joseph,Stafford,055-29-8967,1995-10-16
David,Munoz,787-63-5163,1955-07-10
Nathaniel,Li,319-34-4520,1935-02-09
Maria,Sexton,751-29-9065,1960-04-10
James,Holmes,322-46-3449,1936-08-02
Christopher,Escobar,680-35-0544,1973-11-12
Jessica,Miller,734-13-4520,2013-04-15
Angela,Roberts,168-11-1172,1937-09-07
Christopher,Burch,024-59-2488,1953-02-12
Anthony,Morris,725-68-8603,1965-11-26
Tammy,Miller,050-74-6681,2015-04-01
Steven,Bennett,492-94-5297,1969-02-15
Jennifer,Rasmussen,798-01-1068,2022-09-30
Jerry,Rogers,514-18-7691,1913-10-01
Douglas,Hawkins,407-65-3564,2007-06-02
Lindsay,Wilson,774-22-7496,1928-01-04
Sara,Rodriguez,012-22-2281,1952-04-25
Andrea,Walters,126-21-0757,1950-07-27
Tyrone,Rivera,383-39-5216,1980-06-16
Oscar,Estes,372-90-8077,1946-05-05
Scott,Sullivan,356-85-9691,1929-10-20
Gregory,Webb,375-93-1278,1963-09-02
Philip,George,334-33-5979,1940-10-10
Sarah,Torres,421-63-0372,1913-05-30
John,Watson,109-73-8923,1936-08-21
Crystal,Butler,334-63-2911,1914-01-05
Donald,Reese,179-23-6211,1944-09-22
Jordan,Watson,750-70-1847,1973-01-20
Jackie,Turner,447-04-9361,1914-01-27
George,Jackson,073-79-8980,1991-06-24
Jonathan,Thomas,831-06-6042,1912-01-26
Nancy,Evans,636-15-5136,1945-12-09
Paula,Hudson,597-69-1794,1927-02-20
Christina,Tucker,220-81-9814,1941-06-04
Rita,Hicks,520-27-3931,1921-02-24
Selena,Stewart,283-95-6831,1919-04-11
Anthony,Mccarthy,521-94-9271,2003-02-16
Jose,Murphy,541-30-1314,1918-06-10
Joshua,Johnson,041-28-2948,2002-11-29
Bryan,Jones,358-82-2531,2009-05-03
Matthew,Johnson,588-38-3211,1970-07-26
Sandra,Rogers,050-68-9370,2012-12-24
Robert,Mason,411-33-0053,1998-06-09
Ryan,King,880-62-2013,1996-09-21
James,Davies,434-65-8002,1930-09-21
Joe,Torres,832-81-6766,2017-02-17
Albert,Martin,146-71-5918,2003-03-21
Kim,Jenkins,353-15-8057,1909-12-08
Janet,Harris,249-22-7187,1930-01-14
John,Reynolds,066-66-0904,1957-08-23
Ashley,Ayers,791-12-2738,1933-07-04
Ryan,Gibson,369-67-6883,1987-01-02
Leslie,Phillips,472-99-6767,1943-01-23
Laura,Ruiz,624-98-5827,1913-11-09
Michael,Schultz,894-49-3177,1991-01-25
Caitlin,Faulkner,731-61-6288,1953-12-23
Ashley,Crawford,082-80-4328,1945-12-25
Jessica,Martin,876-15-5690,2006-05-06
Chelsea,Deleon,566-83-7428,1955-07-17
Andrea,Stewart,588-92-3133,1975-06-14
Samantha,Wood,025-91-1697,1944-09-25
Denise,Rodriguez,393-92-2647,1918-06-25
Jenna,Ford,229-72-4245,1966-06-07
Travis,Gallagher,749-35-0169,2015-03-04
Tiffany,Castillo,433-72-1748,1998-07-24
Kathleen,Mendoza,545-74-5125,1985-01-03
James,Patton,866-79-3185,1968-05-17
Dennis,Mccoy,554-09-3531,1933-02-05
James,Blanchard,588-73-2025,1914-01-07
Chad,Hayes,384-55-6452,1926-10-07
Heather,Price,637-32-0321,1963-03-30
John,Gonzalez,316-81-6500,2015-12-20
Veronica,Chase,769-06-4339,1933-11-09
Raven,Smith,741-69-8428,1992-02-12
Kyle,Payne,240-57-6237,1948-09-28
Clifford,Campbell,148-06-5462,1981-12-14
Christine,Peterson,857-51-7512,2020-08-20
Patricia,Vance,330-27-4134,1956-06-28
Eric,Willis,204-42-3938,1974-12-07
Elizabeth,May,204-42-5193,1914-08-18
Robert,Guerrero,642-56-5210,2023-03-16
Michael,Brandt,154-60-2611,1943-10-04
Matthew,Conway,264-37-9588,1951-06-13
Marie,Carter,469-10-1364,2002-12-01
Jaime,Freeman,543-19-6618,1954-01-28
Heather,Ross,385-14-7806,1962-10-16
Julie,Reed,757-13-5797,1962-12-17
Jeffery,Foster,736-73-1253,2015-11-05
Brenda,Wolf,548-41-9290,1979-01-03
Ashley,Mccarty,746-22-7771,1924-07-09
Amanda,Smith,758-20-9236,1973-01-22
Michael,Holt,553-51-8759,1914-03-26
Jessica,Kelly,864-15-2789,1925-12-06
Kyle,Brown,323-31-1205,1984-07-27
Joseph,Rich,100-46-5762,1937-11-03
Sharon,Richardson,506-02-3026,1990-04-03
Ashley,Anderson,610-53-2970,1933-01-26
Jeffrey,Lee,643-29-3759,1995-01-07
Olivia,Adams,363-65-5425,1919-12-15
David,Holmes,734-63-6634,1998-06-22
Jessica,Dickerson,566-31-4609,2018-08-25
Samuel,Bradley,883-09-1202,1932-02-13
Brian,Carter,239-87-8852,1933-09-19
Stacey,Russell,696-29-4127,1909-05-19
Richard,Johnston,121-17-0781,1945-02-06
John,Anderson,898-16-2813,2015-07-02
Dennis,Wilson,751-30-6905,1971-01-15
Jose,Collins,708-54-6051,2022-04-16
Scott,Salas,473-80-8745,1994-06-19
Chelsea,Stephens,815-86-5247,2016-04-03
Jeffrey,Rios,314-69-3112,1994-04-22
Heather,Griffith,789-89-3012,1932-01-25
Olivia,Keller,337-49-4516,1941-03-22
Susan,Barry,394-28-2546,1940-06-05
Laurie,Parsons,731-66-7466,1974-05-07
Kimberly,Gates,409-11-1637,1965-09-28
Allen,Zavala,690-82-6084,2021-03-25
Elizabeth,Cruz,589-31-9066,1988-07-27
Anthony,Shepherd,309-97-3111,2018-08-18
Reginald,Castillo,646-55-4029,1971-05-18
Benjamin,Thomas,603-50-5832,2001-01-25
Tyler,Martinez,196-67-4850,1965-07-23
David,Williams,896-13-6926,1966-11-01
Bradley,Parker,707-70-3646,1983-02-09
Maria,Buchanan,034-76-1490,2001-07-20
Anthony,Gilbert,770-85-7469,1924-11-17
Lawrence,Wilkins,680-90-0086,2015-02-17
Michael,Silva,436-93-4098,1918-12-18
Stephanie,Wright,874-23-8272,2003-01-20
Courtney,Gomez,429-60-3492,1953-04-26
Crystal,Pope,425-05-7165,2014-07-28
Timothy,Allen,862-51-5511,1918-06-15
Dominique,Smith,174-24-8977,1983-02-01
Vanessa,Wilcox,686-53-4107,1917-12-16
Angela,Baxter,078-84-5624,2022-04-18
Charles,Avery,182-64-0218,1921-10-03
Kimberly,Vazquez,452-74-3989,1967-11-20
Sandra,Brown,198-97-7455,1965-12-01
Francisco,Russell,825-26-3391,1926-10-29
Matthew,Love,762-69-6241,1942-06-11
Kathleen,Park,050-24-2890,2016-02-27
Rebekah,Clark,792-85-6677,1994-01-28
Nicole,Best,420-91-3336,1922-09-18
Jessica,Logan,416-94-1030,1980-12-06
Anna,Carr,115-08-0650,1910-01-09
Zachary,Jones,607-98-0373,1979-04-26
David,Jenkins,752-15-1253,1913-04-02
Scott,Morrison,642-98-7108,1955-09-20
Jeremy,Ryan,811-50-1609,2004-12-21
Christopher,Spence,425-41-9719,1951-09-02
Joyce,Melendez,362-89-8790,1908-06-16
Peter,Hendrix,772-86-6472,2012-03-11
Kimberly,Barajas,618-46-1705,1937-09-14
Amy,Aguilar,281-32-9300,1946-02-10
Michael,Johnson,309-19-5860,1947-04-10
